{"auc": [0.9351536631584167, 0.9355109930038452, 0.9385868310928345, 0.9395077228546143, 0.9364632964134216, 0.9384390115737915, 0.940123975276947, 0.939416766166687, 0.940345823764801, 0.9386973977088928, 0.9381718039512634, 0.939523458480835, 0.9399501085281372, 0.9391223788261414, 0.9432823657989502, 0.9423890709877014, 0.9422435760498047, 0.9401200413703918, 0.9384601712226868, 0.9419460892677307, 0.940593421459198, 0.9415818452835083, 0.9398828148841858, 0.941612184047699, 0.9386401772499084, 0.941760241985321, 0.9437706470489502, 0.9435796737670898, 0.9437569975852966, 0.9425539374351501, 0.9429385662078857, 0.9441290497779846, 0.9438647031784058, 0.9448962211608887, 0.9440144896507263, 0.9426849484443665, 0.9416066408157349, 0.9430723190307617, 0.944075882434845, 0.9450456500053406], "f1_score": [0.8119951486587524, 0.8039371967315674, 0.8231135606765747, 0.8215366005897522, 0.8108426332473755, 0.8176084160804749, 0.8275713324546814, 0.822687029838562, 0.8227373957633972, 0.8186389803886414, 0.8197365999221802, 0.8173820376396179, 0.8218019008636475, 0.8224645853042603, 0.8294645547866821, 0.8335976004600525, 0.8311548233032227, 0.8228228092193604, 0.8191976547241211, 0.8294590711593628, 0.8231115341186523, 0.8292899131774902, 0.8236684799194336, 0.8297889232635498, 0.8219913840293884, 0.8306626677513123, 0.8342896103858948, 0.83664870262146, 0.8329243659973145, 0.8323360681533813, 0.8362999558448792, 0.8327224850654602, 0.8350597023963928, 0.8427464365959167, 0.837097704410553, 0.8299885392189026, 0.8277209401130676, 0.8351504802703857, 0.8358486890792847, 0.8378914594650269], "loss": [0.32017016410827637, 0.32087960839271545, 0.31426727771759033, 0.3082403540611267, 0.31897395849227905, 0.31237298250198364, 0.31054046750068665, 0.310857892036438, 0.3077363967895508, 0.31068018078804016, 0.31427040696144104, 0.31149083375930786, 0.30971652269363403, 0.309163361787796, 0.30148932337760925, 0.30164340138435364, 0.303207665681839, 0.3092257082462311, 0.312606543302536, 0.3038111925125122, 0.308225154876709, 0.30521368980407715, 0.31568625569343567, 0.30650076270103455, 0.3139980435371399, 0.3046657145023346, 0.29908832907676697, 0.3001001179218292, 0.3016148507595062, 0.3039180338382721, 0.3021978437900543, 0.2979256808757782, 0.2981227934360504, 0.29703739285469055, 0.2975592315196991, 0.3012489676475525, 0.31046828627586365, 0.3014589548110962, 0.2967318892478943, 0.2969721257686615], "val_auc": [0.9305470585823059, 0.9294523596763611, 0.9295493364334106, 0.9295651316642761, 0.9270129203796387, 0.9314953684806824, 0.9317238330841064, 0.9324590563774109, 0.9248290061950684, 0.9330549836158752, 0.9317780137062073, 0.9327722191810608, 0.9331212639808655, 0.9317376017570496, 0.9318054914474487, 0.9327574968338013, 0.9341037273406982, 0.9288914799690247, 0.9327588677406311, 0.9343968033790588, 0.9320172667503357, 0.9295523762702942, 0.9300283193588257, 0.9260057806968689, 0.9269049167633057, 0.9317078590393066, 0.9190110564231873, 0.9325485229492188, 0.9267992973327637, 0.9316508173942566, 0.9321361184120178, 0.9316279292106628, 0.9333947896957397, 0.9345538020133972, 0.9329199194908142, 0.9335330724716187, 0.9325315952301025, 0.9326079487800598, 0.932782769203186, 0.9331455230712891], "val_f1_score": [0.8032571077346802, 0.7918125987052917, 0.8052729964256287, 0.8283728957176208, 0.8036179542541504, 0.8243774771690369, 0.8109451532363892, 0.807956874370575, 0.7961356043815613, 0.7945609092712402, 0.7963594794273376, 0.8134914040565491, 0.8047441840171814, 0.8066232204437256, 0.811407744884491, 0.8122183084487915, 0.8071320056915283, 0.7924268245697021, 0.7887786626815796, 0.8153184652328491, 0.807817280292511, 0.7959351539611816, 0.8127821683883667, 0.7998748421669006, 0.7984510660171509, 0.8102476596832275, 0.7922593355178833, 0.8042831420898438, 0.8028646111488342, 0.7976264357566833, 0.8137166500091553, 0.809094250202179, 0.8076165914535522, 0.7999743223190308, 0.8074036836624146, 0.8074036836624146, 0.8110717535018921, 0.7999221086502075, 0.8011747598648071, 0.8241741061210632], "val_loss": [0.3326982259750366, 0.3412555456161499, 0.3429533541202545, 0.3397962152957916, 0.34803715348243713, 0.3333682417869568, 0.33243632316589355, 0.3301280736923218, 0.3779841363430023, 0.3334735035896301, 0.34236520528793335, 0.3267989158630371, 0.332590252161026, 0.37225866317749023, 0.3442045748233795, 0.3809659779071808, 0.32838743925094604, 0.3665948510169983, 0.38596054911613464, 0.32962873578071594, 0.33630049228668213, 0.3739812970161438, 0.360361248254776, 0.3832959532737732, 0.3999935984611511, 0.3475269675254822, 0.49940064549446106, 0.34894320368766785, 0.3892337679862976, 0.3749586045742035, 0.3395625054836273, 0.3648490607738495, 0.3603089153766632, 0.33262813091278076, 0.36060383915901184, 0.3462960720062256, 0.3536806106567383, 0.38350754976272583, 0.36904701590538025, 0.3296492397785187], "learning_rate": [0.0010000000474974513, 0.0010000000474974513, 0.0010000000474974513, 0.0010000000474974513, 0.0010000000474974513, 0.0010000000474974513, 0.0010000000474974513, 0.0010000000474974513, 0.0010000000474974513, 0.0010000000474974513, 0.0010000000474974513, 0.0010000000474974513, 0.0010000000474974513, 0.0010000000474974513, 0.0010000000474974513, 0.0010000000474974513, 0.0010000000474974513, 0.0010000000474974513, 0.0010000000474974513, 0.0010000000474974513, 0.0010000000474974513, 0.0010000000474974513, 0.0010000000474974513, 0.0010000000474974513, 0.0010000000474974513, 0.0010000000474974513, 0.0010000000474974513, 0.0010000000474974513, 0.0010000000474974513, 0.0010000000474974513, 0.0010000000474974513, 0.0010000000474974513, 0.0010000000474974513, 0.0010000000474974513, 0.0010000000474974513, 0.0010000000474974513, 0.0010000000474974513, 0.0010000000474974513, 0.0010000000474974513, 0.0010000000474974513]}