{"auc": [0.8815642595291138, 0.9013951420783997, 0.9068598747253418, 0.9116954207420349, 0.9131371378898621, 0.9161569476127625, 0.9191442728042603, 0.9218412041664124, 0.9239392876625061, 0.9258440732955933, 0.926977276802063, 0.9272866249084473, 0.9257535338401794, 0.927639901638031, 0.9284588098526001, 0.9297742247581482, 0.9300644397735596, 0.9306299686431885, 0.9318009614944458, 0.9290671944618225, 0.9301579594612122, 0.9319525957107544, 0.9321412444114685, 0.9318230152130127, 0.9319465756416321, 0.931433379650116, 0.9351279139518738, 0.9357780814170837, 0.9345494508743286, 0.9347197413444519, 0.9361253976821899, 0.9349782466888428, 0.9363705515861511, 0.9365724325180054, 0.9379295110702515, 0.9373406767845154, 0.9364981651306152, 0.9370837807655334, 0.9373858571052551, 0.937057375907898], "f1_score": [0.762195348739624, 0.7615129947662354, 0.7622261643409729, 0.7618754506111145, 0.7617403864860535, 0.7629137635231018, 0.7615748643875122, 0.7615129947662354, 0.7615129947662354, 0.7651061415672302, 0.7805092334747314, 0.7817921042442322, 0.7725863456726074, 0.7743959426879883, 0.7855978608131409, 0.7819069623947144, 0.7835603356361389, 0.7850297689437866, 0.7875291705131531, 0.7820795178413391, 0.7822180986404419, 0.7844237685203552, 0.7904340028762817, 0.7904574871063232, 0.7930350303649902, 0.7926335334777832, 0.8032528162002563, 0.8017889857292175, 0.8040247559547424, 0.7983055114746094, 0.8063472509384155, 0.8050532937049866, 0.8101266622543335, 0.8138951063156128, 0.8164964914321899, 0.8162990212440491, 0.8150184750556946, 0.8177148103713989, 0.8203640580177307, 0.8185442686080933], "loss": [0.4376135468482971, 0.38522830605506897, 0.3779846131801605, 0.37206947803497314, 0.36873292922973633, 0.3633396327495575, 0.35759925842285156, 0.3535621762275696, 0.34681835770606995, 0.34277966618537903, 0.3401721715927124, 0.3395233154296875, 0.34474724531173706, 0.3374275863170624, 0.33678653836250305, 0.3337102234363556, 0.3338716924190521, 0.3305630087852478, 0.32812875509262085, 0.33490967750549316, 0.3316204845905304, 0.32871726155281067, 0.3264829218387604, 0.32919302582740784, 0.3295803964138031, 0.32942530512809753, 0.32131463289260864, 0.31859344244003296, 0.3209269642829895, 0.32270801067352295, 0.3182680606842041, 0.32063671946525574, 0.31545892357826233, 0.31630656123161316, 0.31260064244270325, 0.315812349319458, 0.31805574893951416, 0.31650248169898987, 0.3142794668674469, 0.31658607721328735], "val_auc": [0.9091328382492065, 0.912976861000061, 0.9083985686302185, 0.9165645837783813, 0.9199735522270203, 0.9180452823638916, 0.9229033589363098, 0.9223396182060242, 0.9269697666168213, 0.9278402328491211, 0.9261587858200073, 0.9271300435066223, 0.928001344203949, 0.9276608824729919, 0.9281861782073975, 0.9274653196334839, 0.9276245832443237, 0.9259318709373474, 0.9262570142745972, 0.9297565817832947, 0.9278312921524048, 0.9258357882499695, 0.9250472187995911, 0.928361177444458, 0.9182341694831848, 0.9299060106277466, 0.9303667545318604, 0.9281755089759827, 0.9286916851997375, 0.9305531978607178, 0.9308797121047974, 0.9323303699493408, 0.9310662150382996, 0.9303882718086243, 0.9310054183006287, 0.9295756816864014, 0.9324724674224854, 0.9312272071838379, 0.9293416142463684, 0.9310346841812134], "val_f1_score": [0.7712694406509399, 0.7712694406509399, 0.7712694406509399, 0.7712694406509399, 0.7712694406509399, 0.7712694406509399, 0.7712694406509399, 0.7712694406509399, 0.7712694406509399, 0.7743723392486572, 0.7845510840415955, 0.7710197567939758, 0.7707697749137878, 0.7735938429832458, 0.7731966376304626, 0.7745106816291809, 0.7707697749137878, 0.7734338045120239, 0.7735938429832458, 0.7858960032463074, 0.7882589101791382, 0.8029977679252625, 0.776743471622467, 0.7928940653800964, 0.8019005060195923, 0.7887519001960754, 0.7867101430892944, 0.7861984372138977, 0.787595808506012, 0.820422887802124, 0.7901017665863037, 0.787595808506012, 0.8011597990989685, 0.7999743223190308, 0.8159283399581909, 0.8157820701599121, 0.7898299694061279, 0.8003094792366028, 0.8002533912658691, 0.8063751459121704], "val_loss": [0.36872684955596924, 0.36906641721725464, 0.3884273171424866, 0.35769566893577576, 0.35467344522476196, 0.3545176684856415, 0.34383124113082886, 0.3461626470088959, 0.33877888321876526, 0.3348180949687958, 0.3492450416088104, 0.33637213706970215, 0.33478468656539917, 0.3447818458080292, 0.3319377601146698, 0.3346636891365051, 0.337611585855484, 0.34167245030403137, 0.3411399722099304, 0.3351189196109772, 0.3398425281047821, 0.3451918959617615, 0.3451133966445923, 0.34294193983078003, 0.3554365634918213, 0.3324761390686035, 0.34804219007492065, 0.34800854325294495, 0.335345596075058, 0.33270755410194397, 0.331562340259552, 0.33231785893440247, 0.33500510454177856, 0.34231340885162354, 0.33078691363334656, 0.3339120149612427, 0.3351019620895386, 0.3367699980735779, 0.35891300439834595, 0.3393923044204712], "learning_rate": [0.0010000000474974513, 0.0010000000474974513, 0.0010000000474974513, 0.0010000000474974513, 0.0010000000474974513, 0.0010000000474974513, 0.0010000000474974513, 0.0010000000474974513, 0.0010000000474974513, 0.0010000000474974513, 0.0010000000474974513, 0.0010000000474974513, 0.0010000000474974513, 0.0010000000474974513, 0.0010000000474974513, 0.0010000000474974513, 0.0010000000474974513, 0.0010000000474974513, 0.0010000000474974513, 0.0010000000474974513, 0.0010000000474974513, 0.0010000000474974513, 0.0010000000474974513, 0.0010000000474974513, 0.0010000000474974513, 0.0010000000474974513, 0.0010000000474974513, 0.0010000000474974513, 0.0010000000474974513, 0.0010000000474974513, 0.0010000000474974513, 0.0010000000474974513, 0.0010000000474974513, 0.0010000000474974513, 0.0010000000474974513, 0.0010000000474974513, 0.0010000000474974513, 0.0010000000474974513, 0.0010000000474974513, 0.0010000000474974513]}