{"auc": [0.9426046013832092, 0.9422455430030823, 0.943821132183075, 0.9430460333824158, 0.9436260461807251, 0.9431931972503662, 0.9461807012557983, 0.9449819922447205, 0.9433280825614929, 0.9444845914840698, 0.9449098706245422, 0.9441953301429749, 0.9466519355773926, 0.9458209276199341, 0.9462003707885742, 0.9466468691825867, 0.9446487426757812, 0.9446501135826111, 0.9467065334320068, 0.9466575980186462, 0.9491863250732422, 0.9492042660713196, 0.9481865167617798, 0.9474326372146606, 0.9496316909790039, 0.9489436745643616, 0.9507010579109192, 0.950855553150177, 0.9492476582527161, 0.9513503313064575, 0.9525281190872192, 0.9493692517280579, 0.9485561847686768, 0.9484394788742065, 0.952752411365509], "f1_score": [0.829717755317688, 0.8245726823806763, 0.8246185779571533, 0.8217008709907532, 0.8234004378318787, 0.8253248333930969, 0.8355560302734375, 0.8272637128829956, 0.8241578936576843, 0.8359354138374329, 0.8312268853187561, 0.8257655501365662, 0.8286087512969971, 0.8334112763404846, 0.8349297046661377, 0.8334134221076965, 0.829681396484375, 0.8272966742515564, 0.8308228254318237, 0.8350818753242493, 0.8416389226913452, 0.8364203572273254, 0.8367072939872742, 0.8353620767593384, 0.8427128195762634, 0.846106767654419, 0.8446062207221985, 0.8466895818710327, 0.8397519588470459, 0.8471149206161499, 0.8479219675064087, 0.8428512215614319, 0.8411668539047241, 0.8372901678085327, 0.8488597869873047], "loss": [0.2994738519191742, 0.30145761370658875, 0.29739710688591003, 0.29761070013046265, 0.29766497015953064, 0.2976527214050293, 0.2928532063961029, 0.2934795618057251, 0.29918983578681946, 0.2947872579097748, 0.2939833104610443, 0.29768478870391846, 0.28941693902015686, 0.29061663150787354, 0.2897559702396393, 0.2882673442363739, 0.30600643157958984, 0.29489830136299133, 0.2888024151325226, 0.28912562131881714, 0.28416287899017334, 0.28070735931396484, 0.28378233313560486, 0.28656771779060364, 0.28131553530693054, 0.2849847972393036, 0.2783967852592468, 0.2802826464176178, 0.2838098108768463, 0.2785234749317169, 0.2732353210449219, 0.28399133682250977, 0.286272257566452, 0.2837681174278259, 0.27243712544441223], "val_auc": [0.9326454997062683, 0.9337092041969299, 0.9322685599327087, 0.9318971037864685, 0.930797815322876, 0.9307202100753784, 0.9296578168869019, 0.931257426738739, 0.9284933805465698, 0.9308295249938965, 0.9298731088638306, 0.9304565787315369, 0.9303253293037415, 0.9305461049079895, 0.9324265122413635, 0.9292190074920654, 0.9330321550369263, 0.9318845272064209, 0.9294092655181885, 0.9299681186676025, 0.9310845136642456, 0.9302908778190613, 0.9303836226463318, 0.9313064813613892, 0.929726243019104, 0.930253803730011, 0.931607186794281, 0.9252733588218689, 0.9280956983566284, 0.9287593960762024, 0.9308735728263855, 0.9307721853256226, 0.9284222722053528, 0.9325276017189026, 0.9274343848228455], "val_f1_score": [0.7913971543312073, 0.7820082902908325, 0.792580246925354, 0.7960509061813354, 0.7876901030540466, 0.7919505834579468, 0.8050082921981812, 0.8060619235038757, 0.8173065781593323, 0.7869098782539368, 0.8069608807563782, 0.7965948581695557, 0.7867101430892944, 0.7806094288825989, 0.7986656427383423, 0.7989027500152588, 0.7885890007019043, 0.7953579425811768, 0.7885890007019043, 0.8048098087310791, 0.8110228776931763, 0.8050592541694641, 0.8099594712257385, 0.7940523624420166, 0.8167746067047119, 0.8059482574462891, 0.8006160855293274, 0.7952566742897034, 0.7898299694061279, 0.7924891710281372, 0.7963551878929138, 0.80063396692276, 0.8077050447463989, 0.8003025054931641, 0.797236442565918], "val_loss": [0.339410662651062, 0.35995468497276306, 0.33188536763191223, 0.3321981132030487, 0.34992334246635437, 0.3729739189147949, 0.3444819748401642, 0.35238638520240784, 0.33790019154548645, 0.35659804940223694, 0.35889384150505066, 0.3551516830921173, 0.3437231779098511, 0.37495002150535583, 0.3358026146888733, 0.3751358687877655, 0.3679603040218353, 0.34268778562545776, 0.38632887601852417, 0.35894688963890076, 0.33877524733543396, 0.36430659890174866, 0.35375675559043884, 0.35291680693626404, 0.364744633436203, 0.3553897440433502, 0.34608787298202515, 0.4456397593021393, 0.3763076364994049, 0.3961111903190613, 0.36729106307029724, 0.3672561049461365, 0.3600029945373535, 0.37250131368637085, 0.4248715341091156], "learning_rate": [0.0010000000474974513, 0.0010000000474974513, 0.0010000000474974513, 0.0010000000474974513, 0.0010000000474974513, 0.0010000000474974513, 0.0010000000474974513, 0.0010000000474974513, 0.0010000000474974513, 0.0010000000474974513, 0.0010000000474974513, 0.0010000000474974513, 0.0010000000474974513, 0.0010000000474974513, 0.0010000000474974513, 0.0010000000474974513, 0.0010000000474974513, 0.0010000000474974513, 0.0010000000474974513, 0.0010000000474974513, 0.0010000000474974513, 0.0010000000474974513, 0.0010000000474974513, 0.0010000000474974513, 0.0010000000474974513, 0.0010000000474974513, 0.0010000000474974513, 0.0010000000474974513, 0.0010000000474974513, 0.0010000000474974513, 0.0010000000474974513, 0.0010000000474974513, 0.0010000000474974513, 0.0010000000474974513, 0.0010000000474974513]}